<?xml version="1.0" encoding="UTF-8"?>
<project-private xmlns="http://www.netbeans.org/ns/project-private/1">
    <editor-bookmarks xmlns="http://www.netbeans.org/ns/editor-bookmarks/2" lastBookmarkId="0"/>
    <open-files xmlns="http://www.netbeans.org/ns/projectui-open-files/2">
        <group>
            <file>file:/Users/jpexposito/Dropbox/docencia/git/DAM/3DAM/DAM-PGV/chat-multi-hilo/src/es/ispuertolacruz/jpexposito/cliente/PersonaThread.java</file>
            <file>file:/Users/jpexposito/Dropbox/docencia/git/DAM/3DAM/DAM-PGV/chat-multi-hilo/src/es/iespuertolacruz/utils/SocketUtils.java</file>
            <file>file:/Users/jpexposito/Dropbox/docencia/git/DAM/3DAM/DAM-PGV/chat-multi-hilo/src/es/ispuertolacruz/jpexposito/cliente/Cliente.java</file>
            <file>file:/Users/jpexposito/Dropbox/docencia/git/DAM/3DAM/DAM-PGV/chat-multi-hilo/src/es/ispuertolacruz/jpexposito/server/ServidorThread.java</file>
            <file>file:/Users/jpexposito/Dropbox/docencia/git/DAM/3DAM/DAM-PGV/chat-multi-hilo/src/es/ispuertolacruz/jpexposito/server/Servidor.java</file>
        </group>
    </open-files>
</project-private>
